-- Добавляем филиалы
INSERT INTO "Offices" ("address", "filial") 
	VALUES ('ул. Ленина, г. Казань', 'Казанский'),
			('ул. Чистопольская, г. Набережные Челны', 'Чистопольский'),
			('ул. Вахитова, г. Елабуга', 'Закамский'),
			('ул. Революции, г. Высокая Гора', 'Казанский'),
			('ул. Чистопольская, г. Набережные Челны', 'Закамский');


-- Добавляем агентов
INSERT INTO "Agents" ("name", "department") 
	VALUES ('Галеев А.А.', 'Первый'),
			('Фадеев Р.Ю.', 'Второй'),
			('Ханнов М.М.', 'Третий'),
			('Юсупов Б.Б.', 'Четвертый'),
			('Николаев П.П.', 'Пятый');
	

-- Устанавливаем связь между агентом и филиалом
INSERT INTO "getAgent" ("id_agent", "id_department") 
	VALUES (1, 1),
			(2, 3),
			(3, 3),
			(4, 2),
			(5, 3);


-- Добавляем данные о клиентах 
INSERT INTO "Clients" ("city", "name", "birthday", "gender") 
	VALUES 	('г.Елабуга', 'Аяяева И.И.', '2000-01-01', 'Ж'),
			('г.Казань', 'Камалеев И.И.', '2001-01-01', 'М'),
			('г.Елабуга', 'Большакова И.И.', '2002-01-01', 'Ж'),
			('г.Набережные Челны', 'Сидоров И.И.', '2000-01-01', 'М'),
			('г.Елабуга', 'Казанов И.И.', '2000-03-01', 'М'),
			('г.Казань', 'Сидоров И.И.', '1980-01-01', 'М'),
			('г.Казань', 'Максимов И.И.', '1992-02-01', 'М'),
			('г.Казань', 'Петров И.И.', '2000-01-01', 'М'),
			('г.Елабуга', 'Денисов И.И.', '1949-01-01', 'М'),
            ('г.Елабуга', 'Денисова И.И.', '1978-01-01', 'Ж');


-- Устанавливаем связь между клиентом и агентом 
INSERT INTO "getContract" ("id_client", "id_agent") 
	VALUES 	(1, 1), (2,1), (3,2), (4,3), (5,4), (6,3), (7,1), (8,1), (9,2), (10,5);
	

-- Добавляем услуги
INSERT INTO "Services" ("name", "date_connect", "date_disconnect", "tariff", "value") 
	VALUES 	('Интернет', '2024-02-05', NULL, 'Стандарт+', 500),
			('Смарт ТВ', '2024-02-05', NULL, 'Стандарт+', 900),
			('Детский', '2024-02-05', NULL, 'Стандарт+', 500),
			('Детский', '2024-02-05', NULL, 'Стандарт+', 800),
			('Детский', '2024-02-05', NULL, 'Стандарт+', 500),
			('Интернет', '2022-02-05', '2024-02-15', 'Комфорт+', 500),
			('Детский', '2024-02-05', NULL, 'Все включено', 1150),
			('Смарт ТВ', '2023-02-05', NULL, 'Стандарт', 200),
			('Интернет', '2024-02-05', NULL, 'Стандарт+', 500),
			('Интернет', '2024-02-05', NULL, 'Стандарт+', 500),
            ('Смарт ТВ', '2024-02-17', NULL, 'Стандарт+', 600);


-- Устанавливаем связь между клиентом и услугой
INSERT INTO "getConnect" ("id_client", "id_service") 
	VALUES 	(1, 1), (2,2), (3,3), (4,4), (5,5), (6,6), (7,7), (8,8), (9,9), (10,10), (10,11);